外為オンライン,"マイナンバー申込時不要,初心者にオススメ,少額から可能,デモトレード対応,自動売買対応,副業でもオススメ,スワップ金利高め",4.7,1.00銭原則固定(例外あり),3.00銭原則固定(例外あり),2.00銭原則固定(例外あり),3.00銭原則固定(例外あり),1.00pips原則固定(例外あり),6.00銭原則固定(例外あり),2.00pips原則固定(例外あり),3.00pips原則固定(例外あり),8.00pips原則固定(例外あり),5.00銭原則固定(例外あり),6.00pips原則固定(例外あり),15.00銭原則固定(例外あり),6.00pips原則固定(例外あり),9.00pips原則固定(例外あり),4.00pips原則固定(例外あり),5.00銭原則固定(例外あり),4.00pips原則固定(例外あり),6.00pips原則固定(例外あり),12.00pips原則固定(例外あり),-,-,-,-,10.00pips原則固定(例外あり),25円,-40円,0円,-25円,0円,-20円,35円,-50円,-40円,10円,50円,-75円,22円,-55円,-15円,0円,-90円,70円,0円,-20円,15円,-45円,5円,-20円,35円,-60円,-70円,50円,-50円,20円,-20円,0円,45円,-70円,-10円,0円,-85円,60円,45円,-70円,24,1000,1000,1000,1000,1000,1000,1000,1000,1000,1000,1000,10000,1000,1000,1000,1000,1000,1000,1000,1000,"成行注文,指値注文,逆指値注文,OCO,IFD,IFO,期日指定,トレール",初心者でも簡単で使いやすい高機能取引ツール“iサイクル”が大人気！,"443,793口座（2016年3月末時点）",無料,総取引金額の4％相当,無料,○,-,○,-,○,◯,三井住友銀行、みずほ信託銀行,"80,138（百万円）（2016年3月末時点）",3億円（2016年3月末時点）,702.0%（2016年12月末時点）,-,◯,◯,-,-,◯,◯,◯,-,◯,◯,◯,◯,http://xn--fx-3s9co2sypbky3bx0hji7d.com/assets/common/img/banner/120x60/gaitameonline.gif,http://xn--fx-3s9co2sypbky3bx0hji7d.com/assets/common/img/banner/300x250/gaitameonline.jpg,http://www.gaitameonline.com/rpage2/accountFcp.html,"取引手数料は完全無料に加え業界最高水準のスワップポイントでお得に取引。,初心者向けの情報が豊富！FXがわからない方でも手厚いサポートで安心。,iサイクルはトレンドに合わせて設定した利幅が動くので忙しい方でも安心。",0,"USDJPY,GBPJPY,EURJPY,AUDJPY,EURUSD,NZDJPY,ZARJPY,AUDUSD,GBPUSD,EURAUD,CADJPY,EURCHF,NZDUSD,GBPAUD,EURGBP,CHFJPY,USDCHF,USDCAD,EURNZD,GBPCHF",http://外為fx徹底比較.com/assets/common/img/capture/520x924/gaitameonline02.jpg,http://外為fx徹底比較.com/assets/common/img/capture/520x924/gaitameonline01.jpg,-,1秒,13種類,9種類,◯,◯,◯,◯,◯,◯,10,-,-,◯,-,-,必要なのは最初の設定だけ。システムが最適な取引条件を自動的に計算してくれる「iサイクル注文®」は、初心者の方や忙しい方にもオススメ！<br>直感的に使える取引システム、初心者にも分かりやすいと評判の無料セミナー、豊富な情報コンテンツなどで、初心者から上級者まで幅広く人気。,"<a href=""http://www.tcs-asp.net/alink?AC=C93920&LC=NJT2&SQ=1&isq=51"" target=""_blank""><img src=""http://img.tcs-asp.net/imagesender?ac=C93920&lc=NJT2&isq=51&psq=1"" border=""0"" alt=""外国為替証拠金取引の外為オンライン""></a>","<a href=""http://www.tcs-asp.net/alink?AC=C93920&LC=NJT2&SQ=1&isq=1"" title=""外国為替証拠金取引の外為オンライン"" target=""_blank""></a>",qO7V2VZ3FCeoMtcS,,,,,,,,,,,,,,,,,,,,,,,,,,,,,,,,,
true,true,Date,2017-02-23T12:04:18.648Z,Date,2017-06-07T07:54:15.071Z,gmoclick,GMOクリック証券,"マイナンバー申込時不要,初心者にオススメ,デモトレード対応,手数料が安い,副業でもオススメ,デイトレード向け,スワップ金利高め",4.5,0.30銭原則固定(例外あり),1.10銭原則固定(例外あり),0.60銭原則固定(例外あり),0.70銭原則固定(例外あり),0.50pips原則固定(例外あり),1.40銭原則固定(例外あり),1.10pips原則固定(例外あり),1.10pips原則固定(例外あり),1.60pips原則固定(例外あり),1.70銭原則固定(例外あり),1.80pips原則固定(例外あり),1.40銭原則固定(例外あり),1.70pips原則固定(例外あり),1.90pips原則固定(例外あり),1.40pips原則固定(例外あり),1.80銭原則固定(例外あり),1.60pips原則固定(例外あり),-,-,3.70銭原則固定(例外あり),-,-,-,2.80pips原則固定(例外あり),19円,-21円,7円,-10円,-20円,17円,30円,-33円,-33円,30円,35円,-39円,11円,-15円,13円,-10円,-60円,57円,11円,-14円,2円,-9円,11円,-14円,40円,-43円,-41円,38円,-12円,9,-15円,8円,33円,-40円,,,,,26円,-33円,18,10000,10000,10000,10000,10000,10000,10000,10000,10000,10000,10000,100000,10000,10000,10000,10000,10000,,,10000,"成行注文,指値注文,逆指値注文,OCO,IFD,IFO",国内で最もFX資産の集まる会社！FX取引高、4年連続世界第1位！,"470,465口座（2017年1月末時点）",無料,レバレッジにより変動,無料,-,-,-,○,○,◯,三井住友銀行、みずほ信託銀行、三井住友信託銀行、日証金信託銀行,-,"43億4,666万3,925円（2015年12月末時点）",499.8%（2016年6月末時点）,-,◯,◯,-,◯,◯,◯,◯,-,◯,◯,◯,-,http://xn--fx-3s9co2sypbky3bx0hji7d.com/assets/common/img/banner/120x60/gmoclick.gif,http://xn--fx-3s9co2sypbky3bx0hji7d.com/assets/common/img/banner/300x250/gmoclick.gif,https://www.click-sec.com/corp/ad/fx/no1/index.html,"2015年年間のFX取引高世界第1位を記録！,オリコン顧客満足度ランキング2年連続で取引ツールの使いやすさ第1位！,東証一部上場のGMOインターネット株式会社のグループ企業という信頼感",0,"USDJPY,GBPJPY,EURJPY,AUDJPY,EURUSD,NZDJPY,ZARJPY,AUDUSD,GBPUSD,EURAUD,CADJPY,EURCHF,NZDUSD,GBPAUD,EURGBP,CHFJPY,USDCHF,TRYJPY,GBPCHF",http://外為fx徹底比較.com/assets/common/img/capture/520x924/gmoclick02.jpg,http://外為fx徹底比較.com/assets/common/img/capture/520x924/gmoclick01.jpg,-,1秒,9種類,8種類,◯,◯,◯,◯,◯,◯,11,-,◯,-,-,-,高性能で抜群に使いやすい取引ツールと業界最狭水準のスプレッドに加え、各種手数料は0円、24時間の無料サポートもあって、初心者、経験者を問わず、多くの人に選ばれるFX会社。<br>最短3分の簡単口座開設。新規口座開設で最大30.000円のキャッシュバック!!,"<a href=""http://www.tcs-asp.net/alink?AC=C93920&LC=CLICK1&SQ=1&isq=81"" target=""_blank""><img src=""http://img.tcs-asp.net/imagesender?ac=C93920&lc=CLICK1&isq=81&psq=1"" border=""0"" alt=""GMOクリック証券""></a>","<a href=""http://www.tcs-asp.net/alink?AC=C93920&LC=CLICK1&SQ=1&isq=8"" title="""" target=""_blank""></a>",iIiSfEiX4FR9AwDS,,,,,,,,,,,,,,,,,,,,,,,,,,,,,,,,,
true,true,Date,2017-02-23T12:04:18.653Z,Date,2017-03-02T08:14:03.097Z,gaitame,外為どっとコム,"マイナンバー申込時不要,初心者にオススメ,少額から可能,デモトレード対応,手数料が安い,副業でもオススメ,デイトレード向け,スワップ金利高め",4.8,0.30銭原則固定(例外あり),1.10銭原則固定(例外あり),0.60銭原則固定(例外あり),0.70銭原則固定(例外あり),0.50pips原則固定(例外あり),1.40銭原則固定(例外あり),1.10pips原則固定(例外あり),1.00pips原則固定(例外あり),1.60pips原則固定(例外あり),1.70銭原則固定(例外あり),-,1.40銭原則固定(例外あり),1.70pips原則固定(例外あり),-,-,1.80銭原則固定(例外あり),1.60pips原則固定(例外あり),-,-,7.00銭原則固定(例外あり),0.20銭原則固定(例外あり),-,2.00銭原則固定(例外あり),-,11円,-30円,9円,-30円,-15円,5円,25円,-33円,0.2ドル,0.05ドル,46円,-76円,0.3ドル,-0.48ドル,0.00ドル,-0.13ドル,-0.87豪ドル,0.69豪ドル,7円,-17円,,,7円,-17円,0.42ドル,-0.65ドル,,,,,-25円,10円,0.1スイスフラン,-0.5スイスフラン,,,,,,,20,1000,1000,1000,1000,1000,1000,1000,1000,1000,1000,,1000,1000,,,1000,1000,,,,"成行注文,指値注文,逆指値注文,OCO,IFD,IFO,期日指定,トレール",初心者も安心！取引ツールの使いやすさ、サポート体制、情報量、システムの安定性で2年連続No.1！※2,"435,897口座（2016年12月末時点）",無料,レバレッジにより変動,無料,○,○,○,-,-,◯,三井住友銀行、みずほ信託銀行、あおぞら信託銀行,"110,530（百万円）（2016年12月末時点）",7億7850万円（2015年3月末時点）,1105.6％（2016年9月末時点）,-,◯,◯,-,◯,◯,◯,◯,◯,◯,◯,◯,-,http://xn--fx-3s9co2sypbky3bx0hji7d.com/assets/common/img/banner/120x60/gaitamecom.jpg,http://xn--fx-3s9co2sypbky3bx0hji7d.com/assets/common/img/banner/300x250/gaitamecom.gif,http://www.gaitame.com/g/pc_lp3_a.html,"FX業界老舗の安心感！口座数は40万口座突破！選ばれている証！,充実の電話サポート、1000通貨単位から取引可能で初心者にオススメ,全通貨ペア※3スプレッドは業界最狭水準！スワップポイントも高めで中長期トレードにも！",,"USDJPY,GBPJPY,EURJPY,AUDJPY,EURUSD,NZDJPY,ZARJPY,TRYJPY",http://外為fx徹底比較.com/assets/common/img/capture/520x924/gaitamecom02.jpg,http://外為fx徹底比較.com/assets/common/img/capture/520x924/gaitamecom01.jpg,-,1秒,12種類,11種類,◯,◯,◯,◯,◯,◯,10,-,-,-,-,-,外為どっとコムは創業14年目のFX業界老舗として有名ですが、初心者でも始めやすい業者としても高評価です。以下で解説する通り、毎月の初心者向けセミナーに加えて、外為どっとコムでしか見ることのできないFX学習動画コンテンツも非常に充実しています。さらに初期投資金額も少なめでOKなので、多くの初心者がまず開設する口座の一つです。,,,aCJQIyq1uHEUxyoR,67円,-74円,0円,-5円,0円,-10円,1000,1000,1000,1000,口座開設キャンペーン＆取引量キャンペーン実施中！,http://外為fx徹底比較.com/assets/common/img/campaign/gaitamecom.jpg,"口座開設で最大30,000円キャッシュバック！",2017年4月1日まで,http://www.gaitame.com/g/pc_lp3_a.html,1000万円のキャッシュバックも！？キャッシュバック上限なしキャンペーン,新規注文1000Lot毎にキャッシュバック！例えば1000万Lotのお取引ならなんと1000万円のキャッシュバック,2017年3月1日まで,,,,,,,,,,,,,,,
true,true,Date,2017-02-23T12:04:18.680Z,Date,2017-03-02T08:14:05.012Z,yjfx,ワイジェイFX,"マイナンバー申込時不要,初心者にオススメ,少額から可能,デモトレード対応,自動売買対応,手数料が安い,デイトレード向け",4,0.30銭原則固定(例外あり),1.10銭原則固定(例外あり),0.60銭原則固定(例外あり),0.70銭原則固定(例外あり),0.50pips原則固定(例外あり),1.40銭原則固定(例外あり),1.10pips原則固定(例外あり),1.10pips原則固定(例外あり),1.60pips原則固定(例外あり),1.70銭原則固定(例外あり),1.80pips原則固定(例外あり),1.40銭原則固定(例外あり),1.70pips原則固定(例外あり),-,1.40pips原則固定(例外あり),1.80銭原則固定(例外あり),1.60pips原則固定(例外あり),-,-,-,3.00銭原則固定(例外あり),-,3.00銭原則固定(例外あり),2.80pips原則固定(例外あり),17円,-18円,8円,-9円,-15円,14円,29円,-30円,-32円,31円,38円,-39円,14円,-15円,-10円,9円,-58円,57円,10円,-11円,3円,-4円,13円,-14円,20円,-21円,,,-16円,15円,-14円,13円,36円,-37円,,,,,42円,-43円,22,1000,1000,1000,1000,1000,1000,1000,1000,1000,1000,1000,10000,1000,,1000,1000,1000,,,1000,"成行注文,指値注文,逆指値注文,OCO,IFD,IFO,トレール",大人気のツールアプリでサクサク取引！Yahoo!ブランドの安心感も魅力,"320,644口座（2016年12月末時点）",無料,レバレッジにより変動,無料,-,○,-,-,-,◯,三井住友銀行、みずほ信託銀行,"92,131（百万円）（2016年12月末時点）",4億9000万円（2016年2月1日時点）,1256.2%（2016年8月末時点）,-,◯,◯,-,◯,◯,◯,◯,◯,◯,◯,◯,◯,http://xn--fx-3s9co2sypbky3bx0hji7d.com/assets/common/img/banner/120x60/yjfx.gif,http://xn--fx-3s9co2sypbky3bx0hji7d.com/assets/common/img/banner/300x250/yjfx.gif,http://www.yjfx.jp/lp/gaikaex/ad/,"いつもの取引でＴポイントが貯められる！Yahoo!ブランドの安心感も魅力！,多くの人が利用している大人気アプリの取引ツールCymo,1000通貨単位で取引できるから、小額から試したい初心者にも最適！",,"USDJPY,GBPJPY,EURJPY,AUDJPY,EURUSD,NZDJPY,ZARJPY",http://外為fx徹底比較.com/assets/common/img/capture/520x924/yjfx02.jpg,http://外為fx徹底比較.com/assets/common/img/capture/520x924/yjfx01.jpg,◯,-,-,11種類,◯,◯,◯,◯,◯,◯,8,◯,◯,◯,-,-,"YJFX!はその名の通りYahoo! JAPANグループのFX会社です。初めての方でも安心して取引できるように、証拠金は約4,000円から取引手数料無料で取引することが可能です。また、取引ツール「Cymo」はスマートフォンなどデバイスを選ばず使いやすい取引ツールです。チャート機能も豊富に揃っており、外出先からでもチャート分析や取引が可能なツールです。便利に利用できることが評価されて、スマートフォンアプリはなんと25万ダウンロードを達成しています！FX取引以外にも、リアルトレーダーの売買情報で自動取引できる「トレードコレクター」や店頭取引バイナリーオプション取引「オプトレ！」などのサービスも充実しています。",,,S6uNvhzVjK1pk1QR,,,0円,-1円,0円,-1円,,10000,10000,,"【期間限定】FXはじめるキャンペーン！最大27,000円キャッシュバック！",http://外為fx徹底比較.com/assets/common/img/campaign/yjfx.jpg,"FXはじめるキャンペーン実施中！期間中の口座開設と諸条件達成で最大27,000円キャッシュバック！",2017年3月31日まで,http://www.yjfx.jp/lp/gaikaex/ad/?iid=1009&amp;sid=1&amp;utm_source=AF&amp;utm_medium=gaika&amp;utm_campaign=FXCAR&amp;utm_contents=FXCAR,,,,10000,1000,1000,,,,,,,,,,,,
true,true,Date,2017-02-23T12:04:18.685Z,Date,2017-03-02T08:14:11.076Z,tradefinancial,FXトレード・フィナンシャル,"マイナンバー申込時不要,初心者にオススメ,デモトレード対応,自動売買対応,副業でもオススメ,デイトレード向け",3.7,0.30銭原則固定(例外あり),2.00銭原則固定(例外あり),0.60銭原則固定(例外あり),1.40銭原則固定(例外あり),0.80pips原則固定(例外あり),2.40銭原則固定(例外あり),1.50pips原則固定(例外あり),2.00pips原則固定(例外あり),5.00pips原則固定(例外あり),5.00銭原則固定(例外あり),5.00pips原則固定(例外あり),5.00~10.00銭原則固定(例外あり),3.00pips原則固定(例外あり),5.00pips原則固定(例外あり),2.00pips原則固定(例外あり),5.00銭原則固定(例外あり),3.00pips原則固定(例外あり),3.00pips原則固定(例外あり),-,15.00~50.00銭,-,-,-,-,22円,-25円,19円,-22円,-17円,14円,27円,-30円,-34円,31円,37円,-42円,11円,-16円,11円,-8円,-60円,55円,18円,-23円,13円,-18円,7円,-15円,35円,-40円,-38円,33円,-19円,16円,-28円,23円,36円,-41円,1円,-6円,,,,,31,1000,1000,1000,1000,100000,1000,100000,100000,100000,1000,100000,1000,100000,100000,100000,1000,100000,100000,100000,100000,"成行注文,指値注文,逆指値注文,OCO,IFD,IFO,期日指定,トレール",Macにも対応！CFD銘柄もチャート上に表示でき、あらゆるニーズに対応！,"66,334口座（2016年11月末時点）",無料,,無料,-,○,-,-,-,-,ドイチェ信託株式会社,-,3億5千万円（2016年3月末時点）,424.2%（2016年11月末時点）,-,◯,◯,-,-,◯,◯,◯,◯,-,-,-,◯,http://xn--fx-3s9co2sypbky3bx0hji7d.com/assets/common/img/banner/120x60/fxtf.gif,http://xn--fx-3s9co2sypbky3bx0hji7d.com/assets/common/img/banner/300x250/fxtf.gif,http://www.fxtrade.co.jp/lp/mt4/index.html,"初心者でも簡単操作！上級者もカスタマイズで自分に最適なインターフェースに,全31通貨ペアで過去実際に使われたヒストリカルデータを自動販売システムの検証に利用可能！,有名トレーダーのインジケーターを多数搭載。MT4をインストールすれば初期設定で使える！",0,"USDJPY,GBPJPY,EURJPY,AUDJPY,EURUSD,NZDJPY,ZARJPY,TRYJPY",http://外為fx徹底比較.com/assets/common/img/capture/520x924/fxtf02.jpg,http://外為fx徹底比較.com/assets/common/img/capture/520x924/fxtf01.jpg,-,-,-,6種類,◯,◯,◯,◯,◯,◯,9,-,◯,◯,◯,-,,,,K0VLYR80ZNo9Y41R,76円,-83円,,,,,1000,,,,,,,,,,,,,100000,100000,100000,100000,100000,100000,100000,100000,100000,100000,,,,
true,true,Date,2017-02-23T12:04:18.709Z,Date,2017-06-02T07:50:52.699Z,hirose,ヒロセ通商,"初心者にオススメ,少額から可能,デモトレード対応,手数料が安い,スワップ金利高め",3.6,0.30銭原則固定(例外あり),1.30銭原則固定(例外あり),0.50銭原則固定(例外あり),0.70銭原則固定(例外あり),0.40pips原則固定(例外あり),1.30銭原則固定(例外あり),1.00pips原則固定(例外あり),1.00pips原則固定(例外あり),1.60pips原則固定(例外あり),1.70銭原則固定(例外あり),3.00pips原則固定(例外あり),1.30銭原則固定(例外あり),1.70pips原則固定(例外あり),1.60pips原則固定(例外あり),1.00pips原則固定(例外あり),3.00銭原則固定(例外あり),3.00pips原則固定(例外あり),1.80pips原則固定(例外あり),3.50pips,2.90銭,2.00銭,-,-,5.00pips原則固定(例外あり),0円,-20円,32円,-62円,17円,-42円,50円,-110円,-24.5円,0円,60円,-90円,23.3円,-61.3円,2.5円,-27円,-95.2円,33.3円,13円,-28円,-13.2円,-52.7円,15円,-45円,42.9円,-79.7円,-89.5円,28.6円,-47.6円,0円,-25円,-45円,6.6円,-72.4円,-15円,-30円,-128.1円,97.2円,19.8円,-73.8円,50,1000,1000,1000,1000,1000,1000,1000,1000,1000,1000,1000,1000,1000,1000,1000,1000,1000,1000,1000,1000,"成行注文,指値注文,逆指値注文,OCO,IFD,IFO,期日指定,トレール",脅威の50通貨ペア！国内他事業者にない通貨もここなら見つかる！？,"195,867口座（2016年12月末時点）",10000円,,無料,○,-,-,-,-,◯,三井住友銀行,"38,288,429（千円）（2016年12月末時点）","794,118千円",323.6%（2016年12月末時点）,JASDAQ,◯,◯,-,-,◯,◯,◯,◯,◯,◯,◯,-,http://xn--fx-3s9co2sypbky3bx0hji7d.com/assets/common/img/banner/120x60/hirosefx.gif,http://xn--fx-3s9co2sypbky3bx0hji7d.com/assets/common/img/banner/300x250/hirosefx.gif,http://hirose-fx.jp/,"2014年、2015年２年連続オリコンランキング総合満足度１位を獲得！,トルコリラやNZドルといった高金利通貨もスワップが高い！,キャッシュバックから黒毛和牛まで！？多彩なキャンペーンを開催中！",0,"USDJPY,GBPJPY,EURJPY,AUDJPY,EURUSD,NZDJPY,ZARJPY,AUDUSD,GBPUSD,EURAUD,CADJPY,EURCHF,NZDUSD,GBPAUD,EURGBP,CHFJPY,USDCHF,USDCAD,EURNZD,TRYJPY,HKDJPY,GBPCHF",http://外為fx徹底比較.com/assets/common/img/capture/520x924/hirosefx02.jpg,http://外為fx徹底比較.com/assets/common/img/capture/520x924/hirosefx01.jpg,-,1秒,10種類,14種類,◯,◯,◯,◯,◯,◯,380,◯,-,-,-,-,メジャー通貨ペアはもちろん、マイナー通貨ペアもおまかせ。取り扱い通貨ペアは脅威の50種類！<br>世界最速水準の約定スピードと高い約定率が高評価。その他、業界最狭水準スプレッドに、豊富な注文方法、毎月のキャンペーンなど、魅力がいっぱい。,"<a href=""http://www.tcs-asp.net/alink?AC=C93920&LC=HIR99&SQ=1&isq=48"" target=""_blank""><img src=""http://img.tcs-asp.net/imagesender?ac=C93920&lc=HIR99&isq=48&psq=1"" border=""0"" alt=""FX取引ならヒロセ通商へ""></a>","<a href=""http://www.tcs-asp.net/alink?AC=C93920&LC=HIR99&SQ=1&isq=1"" title=""FX取引ならヒロセ通商へ"" target=""_blank""></a>",Cu5JBBHUOQbUL7cQ,115円,-200円,-3円,-6円,,,1000,,,,,,,,,,,,1000,1000,1000,1000,1000,1000,1000,1000,1000,1000,1000,1000,,,
true,true,Date,2017-02-23T12:04:18.716Z,Date,2017-03-02T08:14:14.993Z,monex,マネックス証券,"マイナンバー申込時不要,初心者にオススメ,少額から可能,デモトレード対応",3.5,0.50銭,4.00~5.00銭,1.00銭,1.00銭,1.00pips,4.00~6.00銭,3.00~4.00pips,4.00~5.00pips,-,5.00~6.00銭,-,4.00~5.00銭,-,-,-,5.00~6.00銭,-,-,-,-,2.80~3.00銭,-,-,-,1.7円,-2円,0円,0円,-1.6円,1.3円,3円,-3.3円,-0.033ドル,0.03ドル,3.8円,-4.1円,0.015ドル,-0.018ドル,0.00ドル,-0.00ドル,,,1円,-1.5円,,,1.2円,-1.5円,,,,,,,-2.2円,1.7円,,,,,,,,,13,1000,1000,1000,1000,1000,1000,1000,1000,,1000,,1000,,,,1000,,,,,"成行注文,指値注文,逆指値注文,OCO,IFD,IFO,期日指定,トレール",1000通貨単位の取引可能で初心者も安心！取引、口座維持、入出金の手数料も無料！,"234,426口座（2017年1月末時点）",無料,,無料,-,○,-,-,○,◯,三井住友信託銀行、日証金信託銀行,-,"12,200百万円（2014年6月末時点）",329.3%（2016年9月末時点）,-,◯,◯,-,-,◯,◯,◯,◯,◯,◯,◯,◯,http://xn--fx-3s9co2sypbky3bx0hji7d.com/assets/common/img/banner/120x60/monex.gif,http://xn--fx-3s9co2sypbky3bx0hji7d.com/assets/common/img/banner/300x250/monex.gif,http://www.monexfx.co.jp/a/29.php,"1回の取引数量に応じてスプレッドが狭くなる！,PCからモバイルまで、シーンを選ばず取引可能なツールが充実！,相場の見通しや市況レポート等、会員限定の豊富な投資情報！",0,"USDJPY,GBPJPY,EURJPY,AUDJPY,EURUSD,NZDJPY,ZARJPY",http://外為fx徹底比較.com/assets/common/img/capture/520x924/monex02.jpg,http://外為fx徹底比較.com/assets/common/img/capture/520x924/monex01.jpg,-,リアルタイム,12種類,10種類,◯,◯,◯,◯,-,◯,6,-,-,◯,-,-,,,,4ogGouPyDTOp8ADQ,,,0円,-0.3円,,,,1000,,,,,,,,,,,,,,,,,,,,,,1000,,,
true,true,Date,2017-02-23T12:04:18.741Z,Date,2017-06-02T00:22:55.386Z,invast,インヴァスト証券,"マイナンバー申込時不要,初心者にオススメ,少額から可能,デモトレード対応,自動売買対応,副業でもオススメ,デイトレード向け",3.4,-,-,-,-,-,-,-,-,-,-,-,-,-,-,-,-,-,-,-,-,-,-,-,-,非開示,非開示,非開示,非開示,非開示,非開示,非開示,非開示,非開示,非開示,非開示,非開示,非開示,非開示,非開示,非開示,非開示,非開示,非開示,非開示,非開示,非開示,非開示,非開示,非開示,非開示,非開示,非開示,非開示,非開示,非開示,非開示,非開示,非開示,,,非開示,非開示,非開示,非開示,27,1000,1000,1000,1000,1000,1000,1000,1000,1000,1000,1000,1000,1000,1000,1000,1000,1000,1000,1000,1000,"成行注文,指値注文,逆指値注文,OCO,IFD,IFO",FXをお手軽に。もう取引手法で悩まない！システム入れ替えだけの簡単取引！,"100,000口座（2016年12月末時点）",無料,,無料,-,○,-,-,-,-,三井住友銀行,"70,759（百万円）（2016年12月末時点）",59億6508万円（2012年3月1日時点）,"1,068.2%（2016年12月末時点）",東証JASDAQ（8709）,◯,◯,-,◯,◯,◯,◯,-,-,-,-,◯,http://xn--fx-3s9co2sypbky3bx0hji7d.com/assets/common/img/banner/120x60/invast.gif,http://xn--fx-3s9co2sypbky3bx0hji7d.com/assets/common/img/banner/300x250/invast.gif,http://www.invast.jp/lp/st24mr/tcs/,"ストラテジー数世界No.1、国内口座数も国内No.1のシストレ業者！,世界中の一流トレーダーが考えたシステムを利用可能。,本当に稼いだストラテジーが一目でわかる、究極の使いやすさ！",0,"USDJPY,GBPJPY,EURJPY,AUDJPY,EURUSD,NZDJPY,ZARJPY",http://外為fx徹底比較.com/assets/common/img/capture/520x924/invast02.jpg,http://外為fx徹底比較.com/assets/common/img/capture/520x924/invast01.jpg,◯,1秒,14種類,-,◯,◯,◯,◯,◯,◯,7,-,-,◯,-,◯,インヴァスト証券の”シストレ24”は、国内ミラートレーダー採用のFX業者の中でも第一位の口座数を誇るサービスです。「ミラートレーダーならどこでも同じ」、そう思っていませんか？シストレ24が第一位であることには明確な理由があるのです。まず一つは、何と言ってもストラテジーの数。これだけで言えばインヴァスト証券はなんと世界No.1なのです。さらにシストレ24独自の圧倒的に分かりやすいストラテジー選択画面が人気の秘密です。以下では上記のようなシストレ24の魅力を解説していきます。,"<a href=""http://www.tcs-asp.net/alink?AC=C93920&LC=INV10&SQ=1&isq=9"" target=""_blank""><img src=""http://img.tcs-asp.net/imagesender?ac=C93920&lc=INV10&isq=9&psq=1"" border=""0"" alt=""インヴァスト証券""></a>",,whHEReYS3WBAwCoP,,,,,,,,,,,,,,,,,,,,1000,1000,,1000,1000,1000,,1000,1000,,,,,
true,true,Date,2017-02-23T12:04:18.790Z,Date,2017-06-02T07:47:43.454Z,broadnet,FXブロードネット,"マイナンバー申込時不要,少額から可能,デモトレード対応,自動売買対応,副業でもオススメ,デイトレード向け",3.4,0.30銭例外あり,1.00銭変動,0.50銭変動,0.60銭変動,0.30pips変動,1.30銭変動,1.90~7.20pips変動,2.60pips変動,6.80pips変動,4.80銭変動,2.80~17.00pips変動,16.40銭変動,2.70~6.00pips変動,7.60~21.60pips変動,2.90pips変動,3.80~17.00銭変動,2.80~15.00pips変動,3.90~4.00pips変動,8.20~14.00pips変動,-,-,-,-,6.30~16.60pips変動,15円,-18円,8円,-13円,-13円,10円,29円,-41円,-34円,14円,43円,-53円,1円,-16円,-9円,8円,-87円,64円,1円,-9円,13円,-29円,10円,-17円,35円,-70円,-70円,47円,-40円,10円,-21円,18円,45円,-55円,-12円,0円,-90円,53円,42円,-57円,24,1000,1000,1000,1000,1000,1000,1000,1000,1000,1000,1000,10000,1000,1000,1000,1000,1000,1000,1000,1000,"成行注文,指値注文,逆指値注文,OCO,IFD,IFO,期日指定,トレール",「FXに興味はあるけど、忙しいから後回し」になっている人向け業者,"167,642口座（2014年12月末時点）","30,000円",レバレッジにより変動,無料,○,-,-,-,○,◯,三井住友銀行,-,3億円（2009年4月20日時点）,688.4%（2016年12月末時点）,-,◯,◯,-,◯,◯,◯,◯,-,◯,◯,◯,◯,http://xn--fx-3s9co2sypbky3bx0hji7d.com/assets/common/img/banner/120x60/fxbroadnet.gif,http://xn--fx-3s9co2sypbky3bx0hji7d.com/assets/common/img/banner/300x250/fxbroadnet.gif,https://www.fxbroadnet.com/landing/tcs_flag.jsp,"細かい売買でコツコツ積み上げる、自動売買システム「トラッキングトレード」,FXは事前の情報収集がキモ！重要指標が毎日２４時間、メールで届く！,申し込みは5分で完了！更に今なら新規口座開設と一定の取引で10000円キャッシュバック！",0,"USDJPY,GBPJPY,EURJPY,AUDJPY,EURUSD,NZDJPY,ZARJPY,AUDUSD,GBPUSD,EURAUD,CADJPY,EURCHF,NZDUSD,GBPAUD,EURGBP,CHFJPY,USDCHF,USDCAD,EURNZD,GBPCHF",http://外為fx徹底比較.com/assets/common/img/capture/520x924/fxbroadnet02.jpg,http://外為fx徹底比較.com/assets/common/img/capture/520x924/fxbroadnet01.jpg,-,1秒,13種類,13種類,◯,◯,◯,◯,◯,◯,8,-,-,◯,-,-,"”トラッキングトレード”でチャンスを逃さず自動売買！<br>自動売買を提供する会社はスプレッドが高い場合が多い中、FXブロードネットは業界トップレベルの低スプレッドで、少しでも利益を増やしたい方に選ばれる会社。もちろん、取引ツールは全て無料。4,000円から取引がはじめられるから、初心者の方やリスクを抑えたい方でも安心。","<a href=""http://www.tcs-asp.net/alink?AC=C93920&LC=FXTS2&SQ=1&isq=79"" target=""_blank""><img src=""http://img.tcs-asp.net/imagesender?ac=C93920&lc=FXTS2&isq=79&psq=1"" border=""0"" alt=""初めてのFX取引[FXブロードネット]""></a>","<a href=""http://www.tcs-asp.net/alink?AC=C93920&LC=FXTS1&SQ=1&isq=1"" title=""初めてのFX取引[FXブロードネット]"" target=""_blank""></a>",obsB4OhwsYyUjFPP,,,,,,,,,,,,,,,,,,,,1000,,,,1000,1000,,1000,,,,,,
true,true,Date,2017-02-23T12:04:18.804Z,Date,2017-03-03T00:32:30.155Z,centraltanshi,セントラル短資FX,マイナンバー申込時不要,3.4,1.00銭,4.00銭,2.00銭,3.00銭,0.80pips,4.00銭,1.80pips,1.80pips,1.80pips,4.00銭,10.00pips,1.90銭,1.80pips,3.00pips,1.00pips,10.00銭,9.00pips,1.80pips,-,8.00~18.00銭,3.00銭,-,1.90銭,12.00pips,18円,-23円,0円,0円,-3円,12円,36円,-45円,-0.31ドル,0.22ドル,36円,-45円,-,-,-,-,-,-,7円,-16円,-,-,12円,-18円,-,-,-,-,-,-,-30円,20円,-,-,-,-,,,-,-,24,1000,1000,1000,1000,1000,1000,1000,1000,1000,1000,1000,10000,1000,1000,1000,1000,1000,1000,,1000,"成行注文,指値注文,逆指値注文,OCO,IFD,IFO,期日指定,トレール",トレーダーが直接金融機関にアクセスするNDDサービスを採用！,"164,355口座（2016年12月末時点）",無料,,無料,-,◯,-,-,◯,◯,三井住友銀行,"63,757（百万円）（2016年12月末時点）","13億1,965万円 (2015年6月24日時点)",691.6%（2016年9月末時点）,-,◯,◯,-,◯,◯,◯,◯,-,◯,◯,◯,◯,http://xn--fx-3s9co2sypbky3bx0hji7d.com/assets/common/img/banner/120x60/centralfx.gif,http://xn--fx-3s9co2sypbky3bx0hji7d.com/assets/common/img/banner/300x250/centralfx.gif,http://www.central-tanshifx.com/ad/lp4_3/19/index70_lp19.html,,0,"USDJPY,GBPJPY,EURJPY,AUDJPY,EURUSD,NZDJPY,ZARJPY,TRYJPY",,,-,-,-,-,◯,◯,◯,◯,◯,◯,11,◯,-,◯,-,◯,,,,gVT9h7qQiblpWI0P,-,-,-5円,0円,-,-,1000,,1000,,,,,,,,,,,1000,,,1000,,,,1000,,,,,,
true,true,Date,2017-02-23T12:04:18.811Z,Date,2017-05-29T08:50:32.743Z,JFX,JFX,"少額から可能,デモトレード対応,デイトレード向け",3.2,0.30銭原則固定(例外あり),1.20銭原則固定(例外あり),0.70銭原則固定(例外あり),0.80銭原則固定(例外あり),0.60pips原則固定(例外あり),1.80銭原則固定(例外あり),1.40pips原則固定(例外あり),1.50pips原則固定(例外あり),2.30pips原則固定(例外あり),1.80銭原則固定(例外あり),1.80pips原則固定(例外あり),1.40銭原則固定(例外あり),2.00pips原則固定(例外あり),-,1.80pips原則固定(例外あり),2.40銭原則固定(例外あり),1.80pips原則固定(例外あり),6.00pips原則固定(例外あり),12.00pips原則固定(例外あり),-,3.0銭原則固定(例外あり),-,3.0銭原則固定(例外あり),3.00pips原則固定(例外あり),0円,,35円,,20円,,45円,,-25円,,90円,,,,,,,,,,,,20円,-,,,,,,,,,,,,,,,,,24,1000,1000,1000,1000,1000,1000,1000,1000,1000,1000,1000,1000,1000,1000,1000,1000,1000,1000,,1000,"成行注文,指値注文,逆指値注文,OCO,IFD,IFO,期日指定,トレール",1日の取引上限無し！約定率99.9%、約定スピード最速0.001秒の取引ツール,-,10000円,,無料,◯,-,-,-,-,-,三井住友銀行,-,3億1700万円,576.6%（2016年12月末時点）,-,◯,◯,◯,-,◯,◯,◯,◯,◯,◯,◯,-,http://xn--fx-3s9co2sypbky3bx0hji7d.com/assets/common/img/banner/120x60/jfx.gif,http://xn--fx-3s9co2sypbky3bx0hji7d.com/assets/common/img/banner/300x250/jfx.gif,http://www.jfx.co.jp/matrixtraderlp/,,0,"USDJPY,GBPJPY,EURJPY,AUDJPY,EURUSD,NZDJPY,ZARJPY,AUDUSD,GBPUSD,EURAUD,CADJPY,EURCHF,NZDUSD,EURGBP,CHFJPY,USDCHF,HKDJPY,CNHJPY,GBPCHF",,,-,-,-,-,◯,◯,◯,◯,◯,◯,380,◯,-,-,-,-,"ヤフーグループだから安心。スプレッド幅は業界最狭水準、初心者に心強い24時間の電話サポートあり。<br>取引ツール「Cymo」はスマートフォンなどデバイスを選ばず、使いやすいさが魅力的。<br>新規口座開設+お取引で、最大27,000円のキャッシュバック実施中！",,,YP47KryuXeYAKLbO,,,,,,,,,,,,,,,,,,,,1000,,,1000,,,,1000,,,,10000,10000,
true,true,Date,2017-02-23T12:04:18.815Z,Date,2017-03-03T00:32:27.014Z,minst,みんなのシストレ,"マイナンバー申込時不要,自動売買対応",3,,,,,,,,,,,,,,,,,,,,,,,,,非開示,非開示,非開示,非開示,非開示,非開示,非開示,非開示,非開示,非開示,非開示,非開示,,,,,,,,,,,非開示,-,,,,,,,,,,,,,,,,,18,1000,1000,1000,1000,1000,1000,1000,1000,1000,1000,1000,1000,1000,1000,1000,1000,1000,,,1000,,選択型シストレが利用可能！取引ツールが充実！,"281,364口座（2016年12月末現在）",無料,4000円,無料,◯,◯,-,-,-,-,三菱UFJ信託銀行,"11,743,309（千円）（2016年12月末現在）",21億9500万円（2015/03/31）,170.9%（2016年12月末現在）,-,◯,-,-,-,◯,◯,◯,-,◯,◯,◯,◯,http://xn--fx-3s9co2sypbky3bx0hji7d.com/assets/common/img/banner/120x60/minnanost.png,http://xn--fx-3s9co2sypbky3bx0hji7d.com/assets/common/img/banner/300x250/minnanost.png,http://www.min-st.jp/LP/ST/,,0,"USDJPY,GBPJPY,EURJPY,AUDJPY,EURUSD,NZDJPY,ZARJPY",,,-,-,-,-,◯,◯,◯,◯,◯,◯,7,-,-,◯,◯,-,みんなのシストレの特徴は、優秀なストラテジー（投資戦略）があなたの代わりに 24時間自動で取引してくれる自動売買システムです。忙しい方や初心者でも賢い投資をすることが可能なツールが用意されています。また、スマートフォンアプリやサポートも充実しており、FXトレードの可能性をさらに広げてくれるサービスです。,,,QJf4xa7PNhLV7OCO,,,,,,,,,,,,,,,,,,,,,,,,,,,,,,,,,
true,true,Date,2017-02-23T12:04:18.821Z,Date,2017-03-03T00:30:55.611Z,himawari,ひまわり証券,マイナンバー申込時不要,2.9,1.00銭 原則固定(例外あり),6.00銭 原則固定(例外あり),3.00銭 原則固定(例外あり),4.00銭 原則固定(例外あり),2.00pips 原則固定(例外あり),7.00銭 原則固定(例外あり),,,,,,4.00銭 原則固定(例外あり) ,,,,,,,,,,,,,4円,-,20円,-,0円,-,40円,-,-15円,-,70円,-,,,,,,,,,,,8円,-,,,,,,,,,,,,,,,,,24,10000,10000,10000,10000,10000,10000,10000,10000,10000,10000,10000,10000,10000,10000,10000,10000,10000,10000,10000,10000,"成行注文,指値注文,逆指値注文,OCO,IFD,IFO,トレール",「安心」・「簡単」・「選ぶだけ」のFX自動売買ツール！,-,無料,,無料,-,○,-,-,-,-,みずほ信託銀行、三井住友銀行,-,43億3002万8128円,651.6%（2016年12月末時点）,-,◯,◯,-,-,◯,◯,◯,◯,◯,◯,◯,◯,http://xn--fx-3s9co2sypbky3bx0hji7d.com/assets/common/img/banner/120x60/himawari.gif,http://xn--fx-3s9co2sypbky3bx0hji7d.com/assets/common/img/banner/300x250/himawari.gif,http://www2.himawari-group.co.jp/landing/regular_fx_201608.html,"自動売買が初めてでも簡単！わずか2ステップで取引スタート,新売買システム「ループ・イフダン」でコツコツ積み上げ！,外出先でもモバイルで状況チェック可能！メールでもお知らせするので安心！",0,"USDJPY,GBPJPY,EURJPY,AUDJPY,EURUSD,NZDJPY,ZARJPY",http://外為fx徹底比較.com/assets/common/img/capture/520x924/himawari02.jpg,http://外為fx徹底比較.com/assets/common/img/capture/520x924/himawari01.jpg,-,1秒,13種類,10種類,◯,◯,◯,◯,◯,◯,7,-,-,◯,-,-,,,,IDG2aKGtCk8quQnN,,,,,,,,,,,,,,,,,,,,10000,,,,10000,10000,,10000,,,,,,
true,true,Date,2017-02-23T12:04:18.826Z,Date,2017-06-02T00:26:24.958Z,inet,アイネット証券,マイナンバー申込時不要,2.9,0.90銭 原則固定(例外あり),3.60銭 原則固定(例外あり),1.70銭 原則固定(例外あり),2.80銭 原則固定(例外あり),1.10pips 原則固定(例外あり),4.30銭 原則固定(例外あり) ,,,,,,,,,,,,,,,,,,,4円,-,20円,-,0円,-,40円,-,-15円,-,70円,-,,,,,,,,,,,-,-,,,,,,,,,,,,,,,,,24,10000,10000,10000,10000,10000,10000,10000,10000,10000,10000,10000,100000,10000,10000,10000,10000,10000,10000,10000,10000,"成行注文,指値注文,逆指値注文,OCO,IFD,IFO,トレール",類を見ない上限つきスプレッド！手数料無料、豊富で美しいテクニカルチャートも利用可能！,-,無料,,無料,-,-,-,-,○,-,日証金信託銀行,-,11億円（2010年8月27日時点）,"1,093.1%（2016年12月末時点）",-,◯,◯,-,-,◯,◯,◯,◯,-,-,-,◯,http://xn--fx-3s9co2sypbky3bx0hji7d.com/assets/common/img/banner/120x60/inet.gif,http://xn--fx-3s9co2sypbky3bx0hji7d.com/assets/common/img/banner/300x250/inet.gif,http://fx.inet-sec.com/lp/lp_01/,,0,"USDJPY,GBPJPY,EURJPY,AUDJPY,EURUSD,NZDJPY",,,-,-,-,-,-,-,-,-,-,-,0,-,-,◯,-,-,,"<a href=""http://www.tcs-asp.net/alink?AC=C93920&LC=INET1&SQ=1&isq=31"" target=""_blank""><img src=""http://img.tcs-asp.net/imagesender?ac=C93920&lc=INET1&isq=31&psq=1"" border=""0"" alt=""アイネット証券[アイネットFX]""></a>",,A7rzC4PN2nvAiTON,,,,,,,,,,,,,,,,,,,,10000,,,,10000,10000,,10000,,,,,,
true,true,Date,2017-02-23T12:04:18.846Z,Date,2017-03-03T00:32:23.674Z,m2j,マネースクウェア・ジャパン,"マイナンバー申込時不要,少額から可能,デモトレード対応,自動売買対応",2.7,1.00銭,8.00銭,5.00銭,6.00銭,5.00pips,8.00銭,,,,,,3.00銭,,,,,,,,8.00銭 ,,,,,3円,-,22円,-,-22円,-,48円,-,-25円,-,75円,-,,,,,,,,,,,9円,51円,,,,,,,,,,,,,,,,,11,1000,1000,1000,1000,1000,1000,1000,,,1000,,10000,1000,,,,,,,,"成行注文,指値注文,逆指値注文,OCO,IFD,IFO,期日指定,トレール",トラリピ&reg;をはじめとする発注管理機能が充実！,"99,489口座（2016年8月末時点）",無料,,30,-,○,-,-,-,-,三井住友銀行,-,17億円（2014年10月1日時点）,532.0％（2016年9月末時点）,-,◯,◯,-,◯,◯,◯,◯,◯,◯,◯,◯,◯,http://xn--fx-3s9co2sypbky3bx0hji7d.com/assets/common/img/banner/120x60/m2j.gif,http://xn--fx-3s9co2sypbky3bx0hji7d.com/assets/common/img/banner/300x250/m2j.jpg,http://www.m2j-3.biz/1n1410/af_campaign_A/,,0,"USDJPY,GBPJPY,EURJPY,AUDJPY,EURUSD,NZDJPY,ZARJPY,TRYJPY",,,-,-,-,-,-,-,-,-,-,-,0,-,-,◯,-,-,,,,21SxpnXrrpiVVWzM,,,,,,,1000,,,,,,,,,,,,,,,,,,,,,,,,,,
true,true,Date,2017-02-23T12:04:18.851Z,Date,2017-03-03T00:32:22.792Z,moneypartners,マネーパートナーズ,マイナンバー申込時不要,2.6,0.30銭 原則固定(例外あり),1.90銭 原則固定(例外あり),1.10銭 原則固定(例外あり),1.20銭 原則固定(例外あり),0.80pips 原則固定(例外あり),2.40銭 原則固定(例外あり),,,,,,7.00銭 ,,,,,,,,,,,,,2円,-,33円,-,0円,-,52円,-,-,-,75円,-,,,,,,,,,,,-,-,,,,,,,,,,,,,,,,,16,100,100,100,100,100,100,100,100,100,100,,100,100,100,100,100,,,,,"指値注文,逆指値注文,OCO,IFD,IFO,トレール",6年連続約定力No.1の実績！100通貨単位での取引可能なFX nanoで初心者も安心！,"290,820口座（2016年12月末時点）",無料,,無料,-,○,-,-,○,-,三井住友銀行、みずほ信託銀行,"61,201（百万円）（2016年12月末時点）",31億円（2014年3月末時点）,419.5%（2016年12月末時点）,株式会社マネーパートナーズグループ(東証1部【8732】) ,◯,◯,-,◯,◯,◯,◯,◯,◯,◯,◯,◯,http://xn--fx-3s9co2sypbky3bx0hji7d.com/assets/common/img/banner/120x60/moneypartners.gif,http://xn--fx-3s9co2sypbky3bx0hji7d.com/assets/common/img/banner/300x250/moneypartners.gif,http://www.moneypartners.co.jp/lp/nano_01/,,0,"USDJPY,GBPJPY,EURJPY,AUDJPY,EURUSD,NZDJPY,ZARJPY",,,-,-,-,-,-,-,-,-,-,-,0,-,-,◯,-,-,,,,uu2vSXgLhsVqIZaM,,,,,,,,,,,,,,,,,,,,,,,,,,,100,,,,,,
true,true,Date,2017-02-23T12:04:18.864Z,Date,2017-03-03T00:32:20.520Z,ig,IG証券,マイナンバー申込時不要,2.4,0.60銭 原則固定(例外あり),3.00銭 原則固定(例外あり),1.50銭 原則固定(例外あり),1.90銭 原則固定(例外あり),0.80pips 原則固定(例外あり),3.50銭 原則固定(例外あり) ,,,,,,,,,,,,,,,,,,,-6円,-,9円,-,-23円,-,42円,-,-,-,75円,-,,,,,,,,,,,7円,-,,,,,,,,,,,,,,,,,83,10000,10000,10000,10000,10000,10000,10000,10000,10000,10000,10000,10000,10000,10000,10000,10000,10000,10000,10000,10000,"OCO,IFD,IFO,トレール",新興国通貨や特殊通貨も含む約90種類の豊富な通貨ペアを提供！,-,無料,,無料,-,-,○,-,-,-,三井住友銀行,-,4億円(2015/05時点),507.5%(2015/03時点) ,英IG Group Holdings(英国で上場),◯,-,-,◯,◯,◯,◯,◯,-,-,-,◯,http://xn--fx-3s9co2sypbky3bx0hji7d.com/assets/common/img/banner/120x60/ig.gif,http://xn--fx-3s9co2sypbky3bx0hji7d.com/assets/common/img/banner/300x250/ig.gif,https://www.ig.com/jp/landing/double-bonus-campaign-af.html,,0,"USDJPY,GBPJPY,EURJPY,AUDJPY,EURUSD,NZDJPY,ZARJPY,TRYJPY",,,-,-,-,-,-,-,-,-,-,-,0,-,◯,◯,-,-,,,,mods5HppWvIB6cBM,,,,,,,10000,10000,,,,,,,,,,,10000,10000,10000,10000,10000,10000,10000,10000,10000,10000,10000,10000,,,
true,true,Date,2017-02-23T12:04:18.883Z,Date,2017-03-03T00:32:18.864Z,livesec,ライブスター証券,,2,0.90銭 原則固定(例外あり),3.40銭 原則固定(例外あり),1.90銭 原則固定(例外あり),3.20銭 原則固定(例外あり),1.40pips 原則固定(例外あり),3.60銭 原則固定(例外あり),,,,,,14.90銭 原則固定(例外あり) ,,,,,,,,,,,,,9円,-,38円,-,6円,-,58円,-,0円,-,83円,-,,,,,,,,,,,180円,-,,,,,,,,,,,,,,,,,24,10000,10000,10000,10000,10000,10000,10000,10000,10000,10000,10000,100000,10000,10000,10000,10000,10000,10000,10000,10000,"成行注文,指値注文,逆指値注文,OCO,IFD,IFO,トレール",オリコン2015年度「手数料の満足度」2年連続第一位！デモトレードで無料体験可能,-,無料,,無料,○,-,-,-,○,-,日証金信託銀行、三井住友銀行,-,21億円（2009年9月末時点）,274.0%（2016年12月末時点）,-,◯,◯,-,-,◯,◯,◯,◯,◯,◯,◯,◯,http://xn--fx-3s9co2sypbky3bx0hji7d.com/assets/common/img/banner/120x60/livestar.png,http://xn--fx-3s9co2sypbky3bx0hji7d.com/assets/common/img/banner/300x250/livestar.png,http://www.live-sec.co.jp/,,0,"USDJPY,GBPJPY,EURJPY,AUDJPY,EURUSD,NZDJPY,ZARJPY",,,-,-,-,-,-,-,-,-,-,-,0,-,-,◯,-,-,,,,eiEqi0yJMy5WtemL,,,,,,,,,,,,,,,,,,,,10000,,,,10000,10000,,10000,,,,,,
true,true,Date,2017-05-30T01:12:27.785Z,Date,2017-06-07T07:53:33.046Z,dmm,DMMFX,"初心者にオススメ,デモトレード対応",,0.30銭原則固定(例外あり),1.10銭原則固定(例外あり),0.60銭原則固定(例外あり),0.70銭原則固定(例外あり),0.50pips原則固定(例外あり),1.40銭原則固定(例外あり),1.10pips原則固定(例外あり),1.10pips原則固定(例外あり),1.60pips原則固定(例外あり),1.70銭原則固定(例外あり),1.80pips原則固定(例外あり),1.40銭原則固定(例外あり),1.70pips原則固定(例外あり),1.90銭原則固定(例外あり),1.40pips原則固定(例外あり),1.80銭原則固定(例外あり),1.60pips原則固定(例外あり),1.80pips原則固定(例外あり),3.50pips原則固定(例外あり),-,-,-,-,2.80pips原則固定(例外あり),20円,-20円,８円,-８円,7円,-7円,25円,-25円,-33円,33円,39円,-39円,10円,-１0円,20円,-20円,-56円,56円,6円,-6円,4円,-4円,11円,-11円,12円,-12円,-45円,45円,-17円,17円,-6円,6円,44円,-44円,5円,-5円,-40.1円,40円,36円,-36円,20,10000,10000,10000,10000,10000,10000,10000,10000,10000,10000,10000,10000,10000,10000,10000,10000,10000,10000,10000,10000,"成行注文,指値注文,逆指値注文,OCO,IFD,IFO,期日指定",FX業界初の55万口座突破,-,無料,総取引金額の4％相当,無料,-,-,-,-,-,◯,日証金信託銀行株式会社、株式会社SMBC信託銀行、FXクリアリング信託株式会社,-,98億円,288.0%（平成29年3月末）,-,◯,◯,◯,◯,◯,◯,◯,◯,◯,◯,◯,-,,,http://fx.dmm.com/,全通貨でスプレッド幅の狭さが魅力的。,,"USDJPY,GBPJPY,EURJPY,AUDJPY,EURUSD,NZDJPY,ZARJPY,AUDUSD,GBPUSD,EURAUD,CADJPY,EURCHF,NZDUSD,GBPAUD,EURGBP,CHFJPY,USDCHF,USDCAD,EURNZD,GBPCHF",,,◯,,,,◯,◯,◯,◯,◯,◯,380,-,-,-,,,初心者からプロまで多くのトレーダーに選ばれるその訳は、無料で使える高性能取引ツールや、全20通貨ペアで最狭水準のスプレッド、FX業界初の【LINE問い合わせ】対応など。,"<a href=""http://www.tcs-asp.net/alink?AC=C93920&LC=DMM2&SQ=1&isq=55"" target=""_blank""><img src=""http://img.tcs-asp.net/imagesender?ac=C93920&lc=DMM2&isq=55&psq=1"" border=""0"" alt=""DMM FX""></a>","<a href=""http://www.tcs-asp.net/alink?AC=C93920&LC=DMM2&SQ=1&isq=1"" title="""" target=""_blank""></a>",hpl71iRsHhumxy4j,,,,,,,,,,,,,,,,,,,,,,,,,,,,,,,,,
